{
  "maltodextrin": 7040,
  "oats": 3380,
  "whey": 1500,
  "flavoured-whey": 500,
  "oil": 99729,
  "psyllium-husks": 3000,
  "lecithin": 75.000000000001,
  "multivitamin": 80,
  "lo-salt": 150,
  "monosodium-phosphate": 80,
  "potassium-gluconate": 291.184,
  "calcium": 99963,
  "magnesium": 110.999999999999,
  "selenium": 50,
  "manganese": 80.999999999999,
  "molybdenum": 50,
  "vitamin-b12": 50,
  "vitamin-k": 0,
  "choline-bitartrate": 366,
  "fish-oil": 261,
  "msm": 235,
  "l-theanine": 20,
  "caffeine": 81.200000000001
}
